Index,Logfilename,Start,Stop,Completed,C,W,batch,Datafilename,File Checked,Line Number Check,New PBS File Set,Jobfilename
0.0,logs/mbl_100x100_W10.0_C0.0_TU1.0_TD1.0_N90_BS15_B1.log,1.0,11.0,10.0,0.0,10.0,1.0,data/mbl_100x100_W10_C0_TU1_TD1_N90_BS15_B1_greenfuncsq.dat,No,Yes,No,jobs/mbl_100x100_W10.0_C0.0_TU1.0_TD1.0_N90_BS15_B1.pbs
1.0,logs/mbl_100x100_W10.0_C0.0_TU1.0_TD1.0_N90_BS15_B2.log,16.0,26.0,10.0,0.0,10.0,2.0,data/mbl_100x100_W10_C0_TU1_TD1_N90_BS15_B2_greenfuncsq.dat,No,Yes,No,jobs/mbl_100x100_W10.0_C0.0_TU1.0_TD1.0_N90_BS15_B2.pbs
2.0,logs/mbl_100x100_W10.0_C0.0_TU1.0_TD1.0_N90_BS15_B3.log,31.0,40.0,9.0,0.0,10.0,3.0,data/mbl_100x100_W10_C0_TU1_TD1_N90_BS15_B3_greenfuncsq.dat,No,Yes,No,jobs/mbl_100x100_W10.0_C0.0_TU1.0_TD1.0_N90_BS15_B3.pbs
3.0,logs/mbl_100x100_W10.0_C0.0_TU1.0_TD1.0_N90_BS15_B4.log,46.0,57.0,11.0,0.0,10.0,4.0,data/mbl_100x100_W10_C0_TU1_TD1_N90_BS15_B4_greenfuncsq.dat,No,Yes,No,jobs/mbl_100x100_W10.0_C0.0_TU1.0_TD1.0_N90_BS15_B4.pbs
4.0,logs/mbl_100x100_W10.0_C0.3_TU1.0_TD1.0_N90_BS15_B1.log,1.0,8.0,7.0,0.3,10.0,1.0,data/mbl_100x100_W10_C0.3_TU1_TD1_N90_BS15_B1_greenfuncsq.dat,No,Yes,No,jobs/mbl_100x100_W10.0_C0.3_TU1.0_TD1.0_N90_BS15_B1.pbs
5.0,logs/mbl_100x100_W10.0_C0.3_TU1.0_TD1.0_N90_BS15_B2.log,16.0,24.0,8.0,0.3,10.0,2.0,data/mbl_100x100_W10_C0.3_TU1_TD1_N90_BS15_B2_greenfuncsq.dat,No,Yes,No,jobs/mbl_100x100_W10.0_C0.3_TU1.0_TD1.0_N90_BS15_B2.pbs
6.0,logs/mbl_100x100_W10.0_C0.3_TU1.0_TD1.0_N90_BS15_B3.log,31.0,38.0,7.0,0.3,10.0,3.0,data/mbl_100x100_W10_C0.3_TU1_TD1_N90_BS15_B3_greenfuncsq.dat,No,Yes,No,jobs/mbl_100x100_W10.0_C0.3_TU1.0_TD1.0_N90_BS15_B3.pbs
7.0,logs/mbl_100x100_W10.0_C0.3_TU1.0_TD1.0_N90_BS15_B4.log,46.0,54.0,8.0,0.3,10.0,4.0,data/mbl_100x100_W10_C0.3_TU1_TD1_N90_BS15_B4_greenfuncsq.dat,No,Yes,No,jobs/mbl_100x100_W10.0_C0.3_TU1.0_TD1.0_N90_BS15_B4.pbs
8.0,logs/mbl_100x100_W10.0_C0.3_TU1.0_TD1.0_N90_BS15_B5.log,61.0,69.0,8.0,0.3,10.0,5.0,data/mbl_100x100_W10_C0.3_TU1_TD1_N90_BS15_B5_greenfuncsq.dat,No,Yes,No,jobs/mbl_100x100_W10.0_C0.3_TU1.0_TD1.0_N90_BS15_B5.pbs
9.0,logs/mbl_100x100_W10.0_C0.3_TU1.0_TD1.0_N90_BS15_B6.log,76.0,84.0,8.0,0.3,10.0,6.0,data/mbl_100x100_W10_C0.3_TU1_TD1_N90_BS15_B6_greenfuncsq.dat,No,Yes,No,jobs/mbl_100x100_W10.0_C0.3_TU1.0_TD1.0_N90_BS15_B6.pbs
10.0,logs/mbl_100x100_W11.0_C0.0_TU1.0_TD1.0_N90_BS15_B5.log,61.0,71.0,10.0,0.0,11.0,5.0,data/mbl_100x100_W11_C0_TU1_TD1_N90_BS15_B5_greenfuncsq.dat,No,Yes,No,jobs/mbl_100x100_W11.0_C0.0_TU1.0_TD1.0_N90_BS15_B5.pbs
11.0,logs/mbl_100x100_W11.0_C0.0_TU1.0_TD1.0_N90_BS15_B6.log,76.0,86.0,10.0,0.0,11.0,6.0,data/mbl_100x100_W11_C0_TU1_TD1_N90_BS15_B6_greenfuncsq.dat,No,Yes,No,jobs/mbl_100x100_W11.0_C0.0_TU1.0_TD1.0_N90_BS15_B6.pbs
12.0,logs/mbl_100x100_W11.0_C0.3_TU1.0_TD1.0_N90_BS15_B1.log,1.0,8.0,7.0,0.3,11.0,1.0,data/mbl_100x100_W11_C0.3_TU1_TD1_N90_BS15_B1_greenfuncsq.dat,No,Yes,No,jobs/mbl_100x100_W11.0_C0.3_TU1.0_TD1.0_N90_BS15_B1.pbs
13.0,logs/mbl_100x100_W11.0_C0.3_TU1.0_TD1.0_N90_BS15_B2.log,16.0,24.0,8.0,0.3,11.0,2.0,data/mbl_100x100_W11_C0.3_TU1_TD1_N90_BS15_B2_greenfuncsq.dat,No,Yes,No,jobs/mbl_100x100_W11.0_C0.3_TU1.0_TD1.0_N90_BS15_B2.pbs
14.0,logs/mbl_100x100_W11.0_C0.3_TU1.0_TD1.0_N90_BS15_B3.log,31.0,38.0,7.0,0.3,11.0,3.0,data/mbl_100x100_W11_C0.3_TU1_TD1_N90_BS15_B3_greenfuncsq.dat,No,Yes,No,jobs/mbl_100x100_W11.0_C0.3_TU1.0_TD1.0_N90_BS15_B3.pbs
15.0,logs/mbl_100x100_W11.0_C0.3_TU1.0_TD1.0_N90_BS15_B4.log,46.0,54.0,8.0,0.3,11.0,4.0,data/mbl_100x100_W11_C0.3_TU1_TD1_N90_BS15_B4_greenfuncsq.dat,No,Yes,No,jobs/mbl_100x100_W11.0_C0.3_TU1.0_TD1.0_N90_BS15_B4.pbs
16.0,logs/mbl_100x100_W11.0_C0.3_TU1.0_TD1.0_N90_BS15_B5.log,61.0,69.0,8.0,0.3,11.0,5.0,data/mbl_100x100_W11_C0.3_TU1_TD1_N90_BS15_B5_greenfuncsq.dat,No,Yes,No,jobs/mbl_100x100_W11.0_C0.3_TU1.0_TD1.0_N90_BS15_B5.pbs
17.0,logs/mbl_100x100_W11.0_C0.3_TU1.0_TD1.0_N90_BS15_B6.log,76.0,84.0,8.0,0.3,11.0,6.0,data/mbl_100x100_W11_C0.3_TU1_TD1_N90_BS15_B6_greenfuncsq.dat,No,Yes,No,jobs/mbl_100x100_W11.0_C0.3_TU1.0_TD1.0_N90_BS15_B6.pbs
18.0,logs/mbl_100x100_W11.0_C0.9_TU1.0_TD1.0_N90_BS15_B1.log,1.0,9.0,8.0,0.9,11.0,1.0,data/mbl_100x100_W11_C0.9_TU1_TD1_N90_BS15_B1_greenfuncsq.dat,No,Yes,No,jobs/mbl_100x100_W11.0_C0.9_TU1.0_TD1.0_N90_BS15_B1.pbs
19.0,logs/mbl_100x100_W12.0_C0.0_TU1.0_TD1.0_N90_BS15_B1.log,1.0,11.0,10.0,0.0,12.0,1.0,data/mbl_100x100_W12_C0_TU1_TD1_N90_BS15_B1_greenfuncsq.dat,No,Yes,No,jobs/mbl_100x100_W12.0_C0.0_TU1.0_TD1.0_N90_BS15_B1.pbs
20.0,logs/mbl_100x100_W12.0_C0.0_TU1.0_TD1.0_N90_BS15_B2.log,16.0,26.0,10.0,0.0,12.0,2.0,data/mbl_100x100_W12_C0_TU1_TD1_N90_BS15_B2_greenfuncsq.dat,No,Yes,No,jobs/mbl_100x100_W12.0_C0.0_TU1.0_TD1.0_N90_BS15_B2.pbs
21.0,logs/mbl_100x100_W12.0_C0.0_TU1.0_TD1.0_N90_BS15_B3.log,31.0,41.0,10.0,0.0,12.0,3.0,data/mbl_100x100_W12_C0_TU1_TD1_N90_BS15_B3_greenfuncsq.dat,No,Yes,No,jobs/mbl_100x100_W12.0_C0.0_TU1.0_TD1.0_N90_BS15_B3.pbs
22.0,logs/mbl_100x100_W12.0_C0.0_TU1.0_TD1.0_N90_BS15_B4.log,46.0,57.0,11.0,0.0,12.0,4.0,data/mbl_100x100_W12_C0_TU1_TD1_N90_BS15_B4_greenfuncsq.dat,No,Yes,No,jobs/mbl_100x100_W12.0_C0.0_TU1.0_TD1.0_N90_BS15_B4.pbs
23.0,logs/mbl_100x100_W12.0_C0.0_TU1.0_TD1.0_N90_BS15_B5.log,61.0,71.0,10.0,0.0,12.0,5.0,data/mbl_100x100_W12_C0_TU1_TD1_N90_BS15_B5_greenfuncsq.dat,No,Yes,No,jobs/mbl_100x100_W12.0_C0.0_TU1.0_TD1.0_N90_BS15_B5.pbs
24.0,logs/mbl_100x100_W12.0_C0.0_TU1.0_TD1.0_N90_BS15_B6.log,76.0,86.0,10.0,0.0,12.0,6.0,data/mbl_100x100_W12_C0_TU1_TD1_N90_BS15_B6_greenfuncsq.dat,No,Yes,No,jobs/mbl_100x100_W12.0_C0.0_TU1.0_TD1.0_N90_BS15_B6.pbs
25.0,logs/mbl_100x100_W12.0_C0.3_TU1.0_TD1.0_N90_BS15_B1.log,1.0,8.0,7.0,0.3,12.0,1.0,data/mbl_100x100_W12_C0.3_TU1_TD1_N90_BS15_B1_greenfuncsq.dat,No,Yes,No,jobs/mbl_100x100_W12.0_C0.3_TU1.0_TD1.0_N90_BS15_B1.pbs
26.0,logs/mbl_100x100_W12.0_C0.3_TU1.0_TD1.0_N90_BS15_B2.log,16.0,23.0,7.0,0.3,12.0,2.0,data/mbl_100x100_W12_C0.3_TU1_TD1_N90_BS15_B2_greenfuncsq.dat,No,Yes,No,jobs/mbl_100x100_W12.0_C0.3_TU1.0_TD1.0_N90_BS15_B2.pbs
27.0,logs/mbl_100x100_W12.0_C0.3_TU1.0_TD1.0_N90_BS15_B3.log,31.0,39.0,8.0,0.3,12.0,3.0,data/mbl_100x100_W12_C0.3_TU1_TD1_N90_BS15_B3_greenfuncsq.dat,No,Yes,No,jobs/mbl_100x100_W12.0_C0.3_TU1.0_TD1.0_N90_BS15_B3.pbs
28.0,logs/mbl_100x100_W12.0_C0.3_TU1.0_TD1.0_N90_BS15_B4.log,46.0,53.0,7.0,0.3,12.0,4.0,data/mbl_100x100_W12_C0.3_TU1_TD1_N90_BS15_B4_greenfuncsq.dat,No,Yes,No,jobs/mbl_100x100_W12.0_C0.3_TU1.0_TD1.0_N90_BS15_B4.pbs
29.0,logs/mbl_100x100_W13.0_C0.0_TU1.0_TD1.0_N90_BS15_B1.log,1.0,11.0,10.0,0.0,13.0,1.0,data/mbl_100x100_W13_C0_TU1_TD1_N90_BS15_B1_greenfuncsq.dat,No,Yes,No,jobs/mbl_100x100_W13.0_C0.0_TU1.0_TD1.0_N90_BS15_B1.pbs
30.0,logs/mbl_100x100_W13.0_C0.0_TU1.0_TD1.0_N90_BS15_B2.log,16.0,25.0,9.0,0.0,13.0,2.0,data/mbl_100x100_W13_C0_TU1_TD1_N90_BS15_B2_greenfuncsq.dat,No,Yes,No,jobs/mbl_100x100_W13.0_C0.0_TU1.0_TD1.0_N90_BS15_B2.pbs
31.0,logs/mbl_100x100_W13.0_C0.0_TU1.0_TD1.0_N90_BS15_B3.log,31.0,40.0,9.0,0.0,13.0,3.0,data/mbl_100x100_W13_C0_TU1_TD1_N90_BS15_B3_greenfuncsq.dat,No,Yes,No,jobs/mbl_100x100_W13.0_C0.0_TU1.0_TD1.0_N90_BS15_B3.pbs
32.0,logs/mbl_100x100_W13.0_C0.0_TU1.0_TD1.0_N90_BS15_B4.log,46.0,55.0,9.0,0.0,13.0,4.0,data/mbl_100x100_W13_C0_TU1_TD1_N90_BS15_B4_greenfuncsq.dat,No,Yes,No,jobs/mbl_100x100_W13.0_C0.0_TU1.0_TD1.0_N90_BS15_B4.pbs
33.0,logs/mbl_100x100_W13.0_C0.0_TU1.0_TD1.0_N90_BS15_B5.log,61.0,71.0,10.0,0.0,13.0,5.0,data/mbl_100x100_W13_C0_TU1_TD1_N90_BS15_B5_greenfuncsq.dat,No,Yes,No,jobs/mbl_100x100_W13.0_C0.0_TU1.0_TD1.0_N90_BS15_B5.pbs
34.0,logs/mbl_100x100_W13.0_C0.0_TU1.0_TD1.0_N90_BS15_B6.log,76.0,87.0,11.0,0.0,13.0,6.0,data/mbl_100x100_W13_C0_TU1_TD1_N90_BS15_B6_greenfuncsq.dat,No,Yes,No,jobs/mbl_100x100_W13.0_C0.0_TU1.0_TD1.0_N90_BS15_B6.pbs
35.0,logs/mbl_100x100_W13.0_C0.1_TU1.0_TD1.0_N90_BS15_B3.log,31.0,45.0,14.0,0.1,13.0,3.0,data/mbl_100x100_W13_C0.1_TU1_TD1_N90_BS15_B3_greenfuncsq.dat,No,Yes,No,jobs/mbl_100x100_W13.0_C0.1_TU1.0_TD1.0_N90_BS15_B3.pbs
36.0,logs/mbl_100x100_W13.0_C0.1_TU1.0_TD1.0_N90_BS15_B6.log,76.0,83.0,7.0,0.1,13.0,6.0,data/mbl_100x100_W13_C0.1_TU1_TD1_N90_BS15_B6_greenfuncsq.dat,No,Yes,No,jobs/mbl_100x100_W13.0_C0.1_TU1.0_TD1.0_N90_BS15_B6.pbs
37.0,logs/mbl_100x100_W13.0_C0.5_TU1.0_TD1.0_N90_BS15_B6.log,76.0,84.0,8.0,0.5,13.0,6.0,data/mbl_100x100_W13_C0.5_TU1_TD1_N90_BS15_B6_greenfuncsq.dat,No,Yes,No,jobs/mbl_100x100_W13.0_C0.5_TU1.0_TD1.0_N90_BS15_B6.pbs
38.0,logs/mbl_100x100_W13.0_C0.6_TU1.0_TD1.0_N90_BS15_B1.log,1.0,8.0,7.0,0.6,13.0,1.0,data/mbl_100x100_W13_C0.6_TU1_TD1_N90_BS15_B1_greenfuncsq.dat,No,Yes,No,jobs/mbl_100x100_W13.0_C0.6_TU1.0_TD1.0_N90_BS15_B1.pbs
39.0,logs/mbl_100x100_W13.0_C0.6_TU1.0_TD1.0_N90_BS15_B2.log,16.0,23.0,7.0,0.6,13.0,2.0,data/mbl_100x100_W13_C0.6_TU1_TD1_N90_BS15_B2_greenfuncsq.dat,No,Yes,No,jobs/mbl_100x100_W13.0_C0.6_TU1.0_TD1.0_N90_BS15_B2.pbs
40.0,logs/mbl_100x100_W13.0_C0.6_TU1.0_TD1.0_N90_BS15_B3.log,31.0,38.0,7.0,0.6,13.0,3.0,data/mbl_100x100_W13_C0.6_TU1_TD1_N90_BS15_B3_greenfuncsq.dat,No,Yes,No,jobs/mbl_100x100_W13.0_C0.6_TU1.0_TD1.0_N90_BS15_B3.pbs
41.0,logs/mbl_100x100_W13.0_C0.6_TU1.0_TD1.0_N90_BS15_B4.log,46.0,54.0,8.0,0.6,13.0,4.0,data/mbl_100x100_W13_C0.6_TU1_TD1_N90_BS15_B4_greenfuncsq.dat,No,Yes,No,jobs/mbl_100x100_W13.0_C0.6_TU1.0_TD1.0_N90_BS15_B4.pbs
42.0,logs/mbl_100x100_W13.0_C0.6_TU1.0_TD1.0_N90_BS15_B5.log,61.0,68.0,7.0,0.6,13.0,5.0,data/mbl_100x100_W13_C0.6_TU1_TD1_N90_BS15_B5_greenfuncsq.dat,No,Yes,No,jobs/mbl_100x100_W13.0_C0.6_TU1.0_TD1.0_N90_BS15_B5.pbs
43.0,logs/mbl_100x100_W13.0_C0.6_TU1.0_TD1.0_N90_BS15_B6.log,76.0,84.0,8.0,0.6,13.0,6.0,data/mbl_100x100_W13_C0.6_TU1_TD1_N90_BS15_B6_greenfuncsq.dat,No,Yes,No,jobs/mbl_100x100_W13.0_C0.6_TU1.0_TD1.0_N90_BS15_B6.pbs
44.0,logs/mbl_100x100_W13.0_C0.9_TU1.0_TD1.0_N90_BS15_B1.log,1.0,4.0,3.0,0.9,13.0,1.0,data/mbl_100x100_W13_C0.9_TU1_TD1_N90_BS15_B1_greenfuncsq.dat,No,Yes,No,jobs/mbl_100x100_W13.0_C0.9_TU1.0_TD1.0_N90_BS15_B1.pbs
45.0,logs/mbl_100x100_W13.0_C0.9_TU1.0_TD1.0_N90_BS15_B2.log,16.0,19.0,3.0,0.9,13.0,2.0,data/mbl_100x100_W13_C0.9_TU1_TD1_N90_BS15_B2_greenfuncsq.dat,No,Yes,No,jobs/mbl_100x100_W13.0_C0.9_TU1.0_TD1.0_N90_BS15_B2.pbs
46.0,logs/mbl_100x100_W14.0_C0.0_TU1.0_TD1.0_N90_BS15_B1.log,1.0,11.0,10.0,0.0,14.0,1.0,data/mbl_100x100_W14_C0_TU1_TD1_N90_BS15_B1_greenfuncsq.dat,No,Yes,No,jobs/mbl_100x100_W14.0_C0.0_TU1.0_TD1.0_N90_BS15_B1.pbs
48.0,logs/mbl_100x100_W14.0_C0.0_TU1.0_TD1.0_N90_BS15_B3.log,31.0,41.0,10.0,0.0,14.0,3.0,data/mbl_100x100_W14_C0_TU1_TD1_N90_BS15_B3_greenfuncsq.dat,No,Yes,No,jobs/mbl_100x100_W14.0_C0.0_TU1.0_TD1.0_N90_BS15_B4.pbs
49.0,logs/mbl_100x100_W14.0_C0.0_TU1.0_TD1.0_N90_BS15_B4.log,46.0,56.0,10.0,0.0,14.0,4.0,data/mbl_100x100_W14_C0_TU1_TD1_N90_BS15_B4_greenfuncsq.dat,No,Yes,No,jobs/mbl_100x100_W14.0_C0.0_TU1.0_TD1.0_N90_BS15_B5.pbs
50.0,logs/mbl_100x100_W14.0_C0.0_TU1.0_TD1.0_N90_BS15_B5.log,61.0,71.0,10.0,0.0,14.0,5.0,data/mbl_100x100_W14_C0_TU1_TD1_N90_BS15_B5_greenfuncsq.dat,No,Yes,No,jobs/mbl_100x100_W14.0_C0.1_TU1.0_TD1.0_N90_BS15_B1.pbs
51.0,logs/mbl_100x100_W14.0_C0.1_TU1.0_TD1.0_N90_BS15_B1.log,1.0,8.0,7.0,0.1,14.0,1.0,data/mbl_100x100_W14_C0.1_TU1_TD1_N90_BS15_B1_greenfuncsq.dat,No,Yes,No,jobs/mbl_100x100_W14.0_C0.1_TU1.0_TD1.0_N90_BS15_B2.pbs
52.0,logs/mbl_100x100_W14.0_C0.1_TU1.0_TD1.0_N90_BS15_B2.log,16.0,23.0,7.0,0.1,14.0,2.0,data/mbl_100x100_W14_C0.1_TU1_TD1_N90_BS15_B2_greenfuncsq.dat,No,Yes,No,jobs/mbl_100x100_W14.0_C0.1_TU1.0_TD1.0_N90_BS15_B3.pbs
53.0,logs/mbl_100x100_W14.0_C0.1_TU1.0_TD1.0_N90_BS15_B3.log,31.0,38.0,7.0,0.1,14.0,3.0,data/mbl_100x100_W14_C0.1_TU1_TD1_N90_BS15_B3_greenfuncsq.dat,No,Yes,No,jobs/mbl_100x100_W14.0_C0.1_TU1.0_TD1.0_N90_BS15_B5.pbs
54.0,logs/mbl_100x100_W14.0_C0.1_TU1.0_TD1.0_N90_BS15_B5.log,61.0,75.0,14.0,0.1,14.0,5.0,data/mbl_100x100_W14_C0.1_TU1_TD1_N90_BS15_B5_greenfuncsq.dat,No,Yes,No,jobs/mbl_100x100_W14.0_C0.5_TU1.0_TD1.0_N90_BS15_B1.pbs
55.0,logs/mbl_100x100_W14.0_C0.5_TU1.0_TD1.0_N90_BS15_B1.log,1.0,9.0,8.0,0.5,14.0,1.0,data/mbl_100x100_W14_C0.5_TU1_TD1_N90_BS15_B1_greenfuncsq.dat,No,Yes,No,jobs/mbl_100x100_W14.0_C0.5_TU1.0_TD1.0_N90_BS15_B2.pbs
56.0,logs/mbl_100x100_W14.0_C0.5_TU1.0_TD1.0_N90_BS15_B2.log,16.0,23.0,7.0,0.5,14.0,2.0,data/mbl_100x100_W14_C0.5_TU1_TD1_N90_BS15_B2_greenfuncsq.dat,No,Yes,No,jobs/mbl_100x100_W14.0_C0.5_TU1.0_TD1.0_N90_BS15_B3.pbs
57.0,logs/mbl_100x100_W14.0_C0.5_TU1.0_TD1.0_N90_BS15_B3.log,31.0,38.0,7.0,0.5,14.0,3.0,data/mbl_100x100_W14_C0.5_TU1_TD1_N90_BS15_B3_greenfuncsq.dat,No,Yes,No,jobs/mbl_100x100_W14.0_C0.5_TU1.0_TD1.0_N90_BS15_B4.pbs
58.0,logs/mbl_100x100_W14.0_C0.5_TU1.0_TD1.0_N90_BS15_B4.log,46.0,53.0,7.0,0.5,14.0,4.0,data/mbl_100x100_W14_C0.5_TU1_TD1_N90_BS15_B4_greenfuncsq.dat,No,Yes,No,jobs/mbl_100x100_W14.0_C0.5_TU1.0_TD1.0_N90_BS15_B5.pbs
59.0,logs/mbl_100x100_W14.0_C0.5_TU1.0_TD1.0_N90_BS15_B5.log,61.0,67.0,6.0,0.5,14.0,5.0,data/mbl_100x100_W14_C0.5_TU1_TD1_N90_BS15_B5_greenfuncsq.dat,No,Yes,No,jobs/mbl_100x100_W14.0_C0.6_TU1.0_TD1.0_N90_BS15_B1.pbs
60.0,logs/mbl_100x100_W14.0_C0.6_TU1.0_TD1.0_N90_BS15_B1.log,1.0,9.0,8.0,0.6,14.0,1.0,data/mbl_100x100_W14_C0.6_TU1_TD1_N90_BS15_B1_greenfuncsq.dat,No,Yes,No,jobs/mbl_100x100_W14.0_C0.6_TU1.0_TD1.0_N90_BS15_B2.pbs
61.0,logs/mbl_100x100_W14.0_C0.6_TU1.0_TD1.0_N90_BS15_B2.log,16.0,24.0,8.0,0.6,14.0,2.0,data/mbl_100x100_W14_C0.6_TU1_TD1_N90_BS15_B2_greenfuncsq.dat,No,Yes,No,jobs/mbl_100x100_W14.0_C0.6_TU1.0_TD1.0_N90_BS15_B3.pbs
62.0,logs/mbl_100x100_W14.0_C0.6_TU1.0_TD1.0_N90_BS15_B3.log,31.0,38.0,7.0,0.6,14.0,3.0,data/mbl_100x100_W14_C0.6_TU1_TD1_N90_BS15_B3_greenfuncsq.dat,No,Yes,No,jobs/mbl_100x100_W14.0_C0.6_TU1.0_TD1.0_N90_BS15_B4.pbs
63.0,logs/mbl_100x100_W14.0_C0.6_TU1.0_TD1.0_N90_BS15_B4.log,46.0,53.0,7.0,0.6,14.0,4.0,data/mbl_100x100_W14_C0.6_TU1_TD1_N90_BS15_B4_greenfuncsq.dat,No,Yes,No,jobs/mbl_100x100_W14.0_C0.6_TU1.0_TD1.0_N90_BS15_B5.pbs
64.0,logs/mbl_100x100_W14.0_C0.6_TU1.0_TD1.0_N90_BS15_B5.log,61.0,69.0,8.0,0.6,14.0,5.0,data/mbl_100x100_W14_C0.6_TU1_TD1_N90_BS15_B5_greenfuncsq.dat,No,Yes,No,jobs/mbl_100x100_W14.0_C0.6_TU1.0_TD1.0_N90_BS15_B6.pbs
65.0,logs/mbl_100x100_W14.0_C0.6_TU1.0_TD1.0_N90_BS15_B6.log,76.0,83.0,7.0,0.6,14.0,6.0,data/mbl_100x100_W14_C0.6_TU1_TD1_N90_BS15_B6_greenfuncsq.dat,No,Yes,No,jobs/mbl_100x100_W15.0_C0.1_TU1.0_TD1.0_N90_BS15_B4.pbs
66.0,logs/mbl_100x100_W15.0_C0.1_TU1.0_TD1.0_N90_BS15_B4.log,46.0,60.0,14.0,0.1,15.0,4.0,data/mbl_100x100_W15_C0.1_TU1_TD1_N90_BS15_B4_greenfuncsq.dat,No,Yes,No,jobs/mbl_100x100_W15.0_C0.1_TU1.0_TD1.0_N90_BS15_B5.pbs
67.0,logs/mbl_100x100_W15.0_C0.1_TU1.0_TD1.0_N90_BS15_B5.log,61.0,75.0,14.0,0.1,15.0,5.0,data/mbl_100x100_W15_C0.1_TU1_TD1_N90_BS15_B5_greenfuncsq.dat,No,Yes,No,jobs/mbl_100x100_W15.0_C0.5_TU1.0_TD1.0_N90_BS15_B5.pbs
68.0,logs/mbl_100x100_W15.0_C0.5_TU1.0_TD1.0_N90_BS15_B5.log,61.0,68.0,7.0,0.5,15.0,5.0,data/mbl_100x100_W15_C0.5_TU1_TD1_N90_BS15_B5_greenfuncsq.dat,No,Yes,No,jobs/mbl_100x100_W15.0_C0.5_TU1.0_TD1.0_N90_BS15_B6.pbs
69.0,logs/mbl_100x100_W15.0_C0.5_TU1.0_TD1.0_N90_BS15_B6.log,76.0,83.0,7.0,0.5,15.0,6.0,data/mbl_100x100_W15_C0.5_TU1_TD1_N90_BS15_B6_greenfuncsq.dat,No,Yes,No,jobs/mbl_100x100_W15.0_C0.6_TU1.0_TD1.0_N90_BS15_B1.pbs
70.0,logs/mbl_100x100_W15.0_C0.6_TU1.0_TD1.0_N90_BS15_B1.log,1.0,8.0,7.0,0.6,15.0,1.0,data/mbl_100x100_W15_C0.6_TU1_TD1_N90_BS15_B1_greenfuncsq.dat,No,Yes,No,jobs/mbl_100x100_W15.0_C0.6_TU1.0_TD1.0_N90_BS15_B2.pbs
71.0,logs/mbl_100x100_W15.0_C0.6_TU1.0_TD1.0_N90_BS15_B2.log,16.0,23.0,7.0,0.6,15.0,2.0,data/mbl_100x100_W15_C0.6_TU1_TD1_N90_BS15_B2_greenfuncsq.dat,No,No,No,jobs/mbl_100x100_W15.0_C0.6_TU1.0_TD1.0_N90_BS15_B3.pbs
72.0,logs/mbl_100x100_W15.0_C0.6_TU1.0_TD1.0_N90_BS15_B3.log,31.0,39.0,8.0,0.6,15.0,3.0,data/mbl_100x100_W15_C0.6_TU1_TD1_N90_BS15_B3_greenfuncsq.dat,No,Yes,No,jobs/mbl_100x100_W15.0_C0.6_TU1.0_TD1.0_N90_BS15_B4.pbs
73.0,logs/mbl_100x100_W15.0_C0.6_TU1.0_TD1.0_N90_BS15_B4.log,46.0,53.0,7.0,0.6,15.0,4.0,data/mbl_100x100_W15_C0.6_TU1_TD1_N90_BS15_B4_greenfuncsq.dat,No,Yes,No,jobs/mbl_100x100_W15.0_C0.6_TU1.0_TD1.0_N90_BS15_B5.pbs
74.0,logs/mbl_100x100_W15.0_C0.6_TU1.0_TD1.0_N90_BS15_B5.log,61.0,69.0,8.0,0.6,15.0,5.0,data/mbl_100x100_W15_C0.6_TU1_TD1_N90_BS15_B5_greenfuncsq.dat,No,Yes,No,jobs/mbl_100x100_W16.0_C0.1_TU1.0_TD1.0_N90_BS15_B3.pbs
75.0,logs/mbl_100x100_W16.0_C0.1_TU1.0_TD1.0_N90_BS15_B3.log,31.0,45.0,14.0,0.1,16.0,3.0,data/mbl_100x100_W16_C0.1_TU1_TD1_N90_BS15_B3_greenfuncsq.dat,No,Yes,No,jobs/mbl_100x100_W16.0_C0.5_TU1.0_TD1.0_N90_BS15_B2.pbs
76.0,logs/mbl_100x100_W16.0_C0.5_TU1.0_TD1.0_N90_BS15_B2.log,16.0,23.0,7.0,0.5,16.0,2.0,data/mbl_100x100_W16_C0.5_TU1_TD1_N90_BS15_B2_greenfuncsq.dat,No,No,No,jobs/mbl_100x100_W16.0_C0.5_TU1.0_TD1.0_N90_BS15_B3.pbs
77.0,logs/mbl_100x100_W16.0_C0.5_TU1.0_TD1.0_N90_BS15_B3.log,31.0,38.0,7.0,0.5,16.0,3.0,data/mbl_100x100_W16_C0.5_TU1_TD1_N90_BS15_B3_greenfuncsq.dat,No,Yes,No,jobs/mbl_100x100_W16.0_C0.5_TU1.0_TD1.0_N90_BS15_B4.pbs
78.0,logs/mbl_100x100_W16.0_C0.5_TU1.0_TD1.0_N90_BS15_B4.log,46.0,53.0,7.0,0.5,16.0,4.0,data/mbl_100x100_W16_C0.5_TU1_TD1_N90_BS15_B4_greenfuncsq.dat,No,Yes,No,jobs/mbl_100x100_W16.0_C0.5_TU1.0_TD1.0_N90_BS15_B5.pbs
79.0,logs/mbl_100x100_W16.0_C0.5_TU1.0_TD1.0_N90_BS15_B5.log,61.0,68.0,7.0,0.5,16.0,5.0,data/mbl_100x100_W16_C0.5_TU1_TD1_N90_BS15_B5_greenfuncsq.dat,No,Yes,No,jobs/mbl_100x100_W16.0_C0.5_TU1.0_TD1.0_N90_BS15_B6.pbs
80.0,logs/mbl_100x100_W16.0_C0.5_TU1.0_TD1.0_N90_BS15_B6.log,76.0,83.0,7.0,0.5,16.0,6.0,data/mbl_100x100_W16_C0.5_TU1_TD1_N90_BS15_B6_greenfuncsq.dat,No,Yes,No,jobs/mbl_100x100_W16.0_C0.6_TU1.0_TD1.0_N90_BS15_B2.pbs
81.0,logs/mbl_100x100_W16.0_C0.6_TU1.0_TD1.0_N90_BS15_B2.log,16.0,23.0,7.0,0.6,16.0,2.0,data/mbl_100x100_W16_C0.6_TU1_TD1_N90_BS15_B2_greenfuncsq.dat,No,Yes,No,jobs/mbl_100x100_W16.0_C1.0_TU1.0_TD1.0_N90_BS15_B6.pbs
82.0,logs/mbl_100x100_W16.0_C1.0_TU1.0_TD1.0_N90_BS15_B6.log,76.0,89.0,13.0,1.0,16.0,6.0,data/mbl_100x100_W16_C1_TU1_TD1_N90_BS15_B6_greenfuncsq.dat,No,Yes,No,jobs/mbl_100x100_W17.0_C0.5_TU1.0_TD1.0_N90_BS15_B1.pbs
83.0,logs/mbl_100x100_W17.0_C0.5_TU1.0_TD1.0_N90_BS15_B1.log,1.0,8.0,7.0,0.5,17.0,1.0,data/mbl_100x100_W17_C0.5_TU1_TD1_N90_BS15_B1_greenfuncsq.dat,No,Yes,No,jobs/mbl_100x100_W17.0_C0.5_TU1.0_TD1.0_N90_BS15_B2.pbs
84.0,logs/mbl_100x100_W17.0_C0.5_TU1.0_TD1.0_N90_BS15_B2.log,16.0,23.0,7.0,0.5,17.0,2.0,data/mbl_100x100_W17_C0.5_TU1_TD1_N90_BS15_B2_greenfuncsq.dat,No,Yes,No,jobs/mbl_100x100_W17.0_C0.5_TU1.0_TD1.0_N90_BS15_B3.pbs
85.0,logs/mbl_100x100_W17.0_C0.5_TU1.0_TD1.0_N90_BS15_B3.log,31.0,38.0,7.0,0.5,17.0,3.0,data/mbl_100x100_W17_C0.5_TU1_TD1_N90_BS15_B3_greenfuncsq.dat,No,Yes,No,jobs/mbl_100x100_W17.0_C0.5_TU1.0_TD1.0_N90_BS15_B4.pbs
86.0,logs/mbl_100x100_W17.0_C0.5_TU1.0_TD1.0_N90_BS15_B4.log,46.0,53.0,7.0,0.5,17.0,4.0,data/mbl_100x100_W17_C0.5_TU1_TD1_N90_BS15_B4_greenfuncsq.dat,No,Yes,No,jobs/mbl_100x100_W17.0_C0.5_TU1.0_TD1.0_N90_BS15_B5.pbs
87.0,logs/mbl_100x100_W17.0_C0.5_TU1.0_TD1.0_N90_BS15_B5.log,61.0,68.0,7.0,0.5,17.0,5.0,data/mbl_100x100_W17_C0.5_TU1_TD1_N90_BS15_B5_greenfuncsq.dat,No,Yes,No,jobs/mbl_100x100_W17.0_C1.0_TU1.0_TD1.0_N90_BS15_B1.pbs
88.0,logs/mbl_100x100_W17.0_C1.0_TU1.0_TD1.0_N90_BS15_B1.log,1.0,14.0,13.0,1.0,17.0,1.0,data/mbl_100x100_W17_C1_TU1_TD1_N90_BS15_B1_greenfuncsq.dat,No,Yes,No,jobs/mbl_100x100_W17.0_C1.0_TU1.0_TD1.0_N90_BS15_B3.pbs
89.0,logs/mbl_100x100_W17.0_C1.0_TU1.0_TD1.0_N90_BS15_B3.log,31.0,45.0,14.0,1.0,17.0,3.0,data/mbl_100x100_W17_C1_TU1_TD1_N90_BS15_B3_greenfuncsq.dat,No,Yes,No,jobs/mbl_100x100_W18.0_C0.0_TU1.0_TD1.0_N90_BS15_B2.pbs
90.0,logs/mbl_100x100_W18.0_C0.0_TU1.0_TD1.0_N90_BS15_B2.log,16.0,25.0,9.0,0.0,18.0,2.0,data/mbl_100x100_W18_C0_TU1_TD1_N90_BS15_B2_greenfuncsq.dat,No,Yes,No,jobs/mbl_100x100_W18.0_C0.0_TU1.0_TD1.0_N90_BS15_B3.pbs
91.0,logs/mbl_100x100_W18.0_C0.0_TU1.0_TD1.0_N90_BS15_B3.log,31.0,40.0,9.0,0.0,18.0,3.0,data/mbl_100x100_W18_C0_TU1_TD1_N90_BS15_B3_greenfuncsq.dat,No,Yes,No,jobs/mbl_100x100_W18.0_C0.1_TU1.0_TD1.0_N90_BS15_B3.pbs
92.0,logs/mbl_100x100_W18.0_C0.1_TU1.0_TD1.0_N90_BS15_B3.log,31.0,37.0,6.0,0.1,18.0,3.0,data/mbl_100x100_W18_C0.1_TU1_TD1_N90_BS15_B3_greenfuncsq.dat,No,Yes,No,jobs/mbl_100x100_W18.0_C0.1_TU1.0_TD1.0_N90_BS15_B4.pbs
93.0,logs/mbl_100x100_W18.0_C0.1_TU1.0_TD1.0_N90_BS15_B4.log,46.0,52.0,6.0,0.1,18.0,4.0,data/mbl_100x100_W18_C0.1_TU1_TD1_N90_BS15_B4_greenfuncsq.dat,No,Yes,No,jobs/mbl_100x100_W18.0_C0.2_TU1.0_TD1.0_N90_BS15_B4.pbs
94.0,logs/mbl_100x100_W18.0_C0.2_TU1.0_TD1.0_N90_BS15_B4.log,46.0,53.0,7.0,0.2,18.0,4.0,data/mbl_100x100_W18_C0.2_TU1_TD1_N90_BS15_B4_greenfuncsq.dat,No,Yes,No,jobs/mbl_100x100_W18.0_C0.2_TU1.0_TD1.0_N90_BS15_B5.pbs
95.0,logs/mbl_100x100_W18.0_C0.2_TU1.0_TD1.0_N90_BS15_B5.log,61.0,68.0,7.0,0.2,18.0,5.0,data/mbl_100x100_W18_C0.2_TU1_TD1_N90_BS15_B5_greenfuncsq.dat,No,Yes,No,jobs/mbl_100x100_W18.0_C0.2_TU1.0_TD1.0_N90_BS15_B6.pbs
96.0,logs/mbl_100x100_W18.0_C0.2_TU1.0_TD1.0_N90_BS15_B6.log,76.0,83.0,7.0,0.2,18.0,6.0,data/mbl_100x100_W18_C0.2_TU1_TD1_N90_BS15_B6_greenfuncsq.dat,No,Yes,No,jobs/mbl_100x100_W18.0_C1.6_TU1.0_TD1.0_N90_BS15_B6.pbs
97.0,logs/mbl_100x100_W18.0_C1.6_TU1.0_TD1.0_N90_BS15_B6.log,76.0,90.0,14.0,1.6,18.0,6.0,data/mbl_100x100_W18_C1.6_TU1_TD1_N90_BS15_B6_greenfuncsq.dat,No,Yes,No,jobs/mbl_100x100_W8.0_C0.0_TU1.0_TD1.0_N90_BS15_B6.pbs
98.0,logs/mbl_100x100_W8.0_C0.0_TU1.0_TD1.0_N90_BS15_B6.log,76.0,79.0,3.0,0.0,8.0,6.0,data/mbl_100x100_W8_C0_TU1_TD1_N90_BS15_B6_greenfuncsq.dat,No,Yes,No,jobs/mbl_100x100_W8.0_C0.3_TU1.0_TD1.0_N90_BS15_B1.pbs
99.0,logs/mbl_100x100_W8.0_C0.3_TU1.0_TD1.0_N90_BS15_B1.log,1.0,9.0,8.0,0.3,8.0,1.0,data/mbl_100x100_W8_C0.3_TU1_TD1_N90_BS15_B1_greenfuncsq.dat,No,Yes,No,jobs/mbl_100x100_W8.0_C0.3_TU1.0_TD1.0_N90_BS15_B2.pbs
100.0,logs/mbl_100x100_W8.0_C0.3_TU1.0_TD1.0_N90_BS15_B2.log,16.0,24.0,8.0,0.3,8.0,2.0,data/mbl_100x100_W8_C0.3_TU1_TD1_N90_BS15_B2_greenfuncsq.dat,No,Yes,No,jobs/mbl_100x100_W8.0_C0.3_TU1.0_TD1.0_N90_BS15_B3.pbs
101.0,logs/mbl_100x100_W8.0_C0.3_TU1.0_TD1.0_N90_BS15_B3.log,31.0,39.0,8.0,0.3,8.0,3.0,data/mbl_100x100_W8_C0.3_TU1_TD1_N90_BS15_B3_greenfuncsq.dat,No,Yes,No,jobs/mbl_100x100_W8.0_C0.3_TU1.0_TD1.0_N90_BS15_B4.pbs
102.0,logs/mbl_100x100_W8.0_C0.3_TU1.0_TD1.0_N90_BS15_B4.log,46.0,54.0,8.0,0.3,8.0,4.0,data/mbl_100x100_W8_C0.3_TU1_TD1_N90_BS15_B4_greenfuncsq.dat,No,Yes,No,jobs/mbl_100x100_W8.0_C0.3_TU1.0_TD1.0_N90_BS15_B5.pbs
103.0,logs/mbl_100x100_W8.0_C0.3_TU1.0_TD1.0_N90_BS15_B5.log,61.0,70.0,9.0,0.3,8.0,5.0,data/mbl_100x100_W8_C0.3_TU1_TD1_N90_BS15_B5_greenfuncsq.dat,No,Yes,No,jobs/mbl_100x100_W8.0_C0.3_TU1.0_TD1.0_N90_BS15_B6.pbs
104.0,logs/mbl_100x100_W8.0_C0.3_TU1.0_TD1.0_N90_BS15_B6.log,76.0,85.0,9.0,0.3,8.0,6.0,data/mbl_100x100_W8_C0.3_TU1_TD1_N90_BS15_B6_greenfuncsq.dat,No,Yes,No,jobs/mbl_100x100_W8.0_C0.9_TU1.0_TD1.0_N90_BS15_B4.pbs
105.0,logs/mbl_100x100_W8.0_C0.9_TU1.0_TD1.0_N90_BS15_B4.log,46.0,60.0,14.0,0.9,8.0,4.0,data/mbl_100x100_W8_C0.9_TU1_TD1_N90_BS15_B4_greenfuncsq.dat,No,Yes,No,jobs/mbl_100x100_W9.0_C0.0_TU1.0_TD1.0_N90_BS15_B1.pbs
106.0,logs/mbl_100x100_W9.0_C0.0_TU1.0_TD1.0_N90_BS15_B1.log,1.0,11.0,10.0,0.0,9.0,1.0,data/mbl_100x100_W9_C0_TU1_TD1_N90_BS15_B1_greenfuncsq.dat,No,Yes,No,jobs/mbl_100x100_W9.0_C0.0_TU1.0_TD1.0_N90_BS15_B2.pbs
107.0,logs/mbl_100x100_W9.0_C0.0_TU1.0_TD1.0_N90_BS15_B2.log,16.0,26.0,10.0,0.0,9.0,2.0,data/mbl_100x100_W9_C0_TU1_TD1_N90_BS15_B2_greenfuncsq.dat,No,Yes,No,jobs/mbl_100x100_W9.0_C0.0_TU1.0_TD1.0_N90_BS15_B3.pbs
108.0,logs/mbl_100x100_W9.0_C0.0_TU1.0_TD1.0_N90_BS15_B3.log,31.0,41.0,10.0,0.0,9.0,3.0,data/mbl_100x100_W9_C0_TU1_TD1_N90_BS15_B3_greenfuncsq.dat,No,Yes,No,jobs/mbl_100x100_W9.0_C0.0_TU1.0_TD1.0_N90_BS15_B4.pbs
109.0,logs/mbl_100x100_W9.0_C0.0_TU1.0_TD1.0_N90_BS15_B4.log,46.0,56.0,10.0,0.0,9.0,4.0,data/mbl_100x100_W9_C0_TU1_TD1_N90_BS15_B4_greenfuncsq.dat,No,Yes,No,jobs/mbl_100x100_W9.0_C0.0_TU1.0_TD1.0_N90_BS15_B5.pbs
110.0,logs/mbl_100x100_W9.0_C0.0_TU1.0_TD1.0_N90_BS15_B5.log,61.0,71.0,10.0,0.0,9.0,5.0,data/mbl_100x100_W9_C0_TU1_TD1_N90_BS15_B5_greenfuncsq.dat,No,Yes,No,jobs/mbl_100x100_W9.0_C0.0_TU1.0_TD1.0_N90_BS15_B6.pbs
111.0,logs/mbl_100x100_W9.0_C0.0_TU1.0_TD1.0_N90_BS15_B6.log,76.0,86.0,10.0,0.0,9.0,6.0,data/mbl_100x100_W9_C0_TU1_TD1_N90_BS15_B6_greenfuncsq.dat,No,Yes,No,jobs/mbl_100x100_W9.0_C0.3_TU1.0_TD1.0_N90_BS15_B1.pbs
112.0,logs/mbl_100x100_W9.0_C0.3_TU1.0_TD1.0_N90_BS15_B1.log,1.0,9.0,8.0,0.3,9.0,1.0,data/mbl_100x100_W9_C0.3_TU1_TD1_N90_BS15_B1_greenfuncsq.dat,No,Yes,No,jobs/mbl_100x100_W9.0_C0.3_TU1.0_TD1.0_N90_BS15_B5.pbs
113.0,logs/mbl_100x100_W9.0_C0.3_TU1.0_TD1.0_N90_BS15_B5.log,61.0,68.0,7.0,0.3,9.0,5.0,data/mbl_100x100_W9_C0.3_TU1_TD1_N90_BS15_B5_greenfuncsq.dat,No,Yes,No,jobs/mbl_100x100_W9.0_C0.3_TU1.0_TD1.0_N90_BS15_B6.pbs
114.0,logs/mbl_100x100_W9.0_C0.3_TU1.0_TD1.0_N90_BS15_B6.log,76.0,83.0,7.0,0.3,9.0,6.0,data/mbl_100x100_W9_C0.3_TU1_TD1_N90_BS15_B6_greenfuncsq.dat,No,Yes,No,jobs/mbl_100x100_W9.0_C0.9_TU1.0_TD1.0_N90_BS15_B3.pbs
115.0,logs/mbl_100x100_W9.0_C0.9_TU1.0_TD1.0_N90_BS15_B3.log,31.0,42.0,11.0,0.9,9.0,3.0,data/mbl_100x100_W9_C0.9_TU1_TD1_N90_BS15_B3_greenfuncsq.dat,No,Yes,No,
