Index,Logfilename,Start,Stop,Completed,C,W,batch,Datafilename,File Checked,Line Number Check,PBS File Set,Jobfilename,Argument
0,logs/mbl_100x100_W10.0_C0.0_TU1.0_TD1.0_N90_BS15_B1.log,1,11,10,0,10,1,data/mbl_100x100_W10_C0_TU1_TD1_N90_BS15_B1_greenfuncsq.dat,No,Yes,Yes,jobs/mbl_100x100_W10.0_C0.0_TU1.0_TD1.0_N90_BS15_B1.pbs,--start 11
1,logs/mbl_100x100_W10.0_C0.0_TU1.0_TD1.0_N90_BS15_B2.log,16,26,10,0,10,2,data/mbl_100x100_W10_C0_TU1_TD1_N90_BS15_B2_greenfuncsq.dat,No,Yes,Yes,jobs/mbl_100x100_W10.0_C0.0_TU1.0_TD1.0_N90_BS15_B2.pbs,--start 26
2,logs/mbl_100x100_W10.0_C0.0_TU1.0_TD1.0_N90_BS15_B3.log,31,40,9,0,10,3,data/mbl_100x100_W10_C0_TU1_TD1_N90_BS15_B3_greenfuncsq.dat,No,Yes,Yes,jobs/mbl_100x100_W10.0_C0.0_TU1.0_TD1.0_N90_BS15_B3.pbs,--start 40
3,logs/mbl_100x100_W10.0_C0.0_TU1.0_TD1.0_N90_BS15_B4.log,46,57,11,0,10,4,data/mbl_100x100_W10_C0_TU1_TD1_N90_BS15_B4_greenfuncsq.dat,No,Yes,Yes,jobs/mbl_100x100_W10.0_C0.0_TU1.0_TD1.0_N90_BS15_B4.pbs,--start 57
4,logs/mbl_100x100_W10.0_C0.3_TU1.0_TD1.0_N90_BS15_B1.log,1,8,7,0.3,10,1,data/mbl_100x100_W10_C0.3_TU1_TD1_N90_BS15_B1_greenfuncsq.dat,No,Yes,Yes,jobs/mbl_100x100_W10.0_C0.3_TU1.0_TD1.0_N90_BS15_B1.pbs,--start 8
5,logs/mbl_100x100_W10.0_C0.3_TU1.0_TD1.0_N90_BS15_B2.log,16,24,8,0.3,10,2,data/mbl_100x100_W10_C0.3_TU1_TD1_N90_BS15_B2_greenfuncsq.dat,No,Yes,Yes,jobs/mbl_100x100_W10.0_C0.3_TU1.0_TD1.0_N90_BS15_B2.pbs,--start 24
6,logs/mbl_100x100_W10.0_C0.3_TU1.0_TD1.0_N90_BS15_B3.log,31,38,7,0.3,10,3,data/mbl_100x100_W10_C0.3_TU1_TD1_N90_BS15_B3_greenfuncsq.dat,No,Yes,Yes,jobs/mbl_100x100_W10.0_C0.3_TU1.0_TD1.0_N90_BS15_B3.pbs,--start 38
7,logs/mbl_100x100_W10.0_C0.3_TU1.0_TD1.0_N90_BS15_B4.log,46,54,8,0.3,10,4,data/mbl_100x100_W10_C0.3_TU1_TD1_N90_BS15_B4_greenfuncsq.dat,No,Yes,Yes,jobs/mbl_100x100_W10.0_C0.3_TU1.0_TD1.0_N90_BS15_B4.pbs,--start 54
8,logs/mbl_100x100_W10.0_C0.3_TU1.0_TD1.0_N90_BS15_B5.log,61,69,8,0.3,10,5,data/mbl_100x100_W10_C0.3_TU1_TD1_N90_BS15_B5_greenfuncsq.dat,No,Yes,Yes,jobs/mbl_100x100_W10.0_C0.3_TU1.0_TD1.0_N90_BS15_B5.pbs,--start 69
9,logs/mbl_100x100_W10.0_C0.3_TU1.0_TD1.0_N90_BS15_B6.log,76,84,8,0.3,10,6,data/mbl_100x100_W10_C0.3_TU1_TD1_N90_BS15_B6_greenfuncsq.dat,No,Yes,Yes,jobs/mbl_100x100_W10.0_C0.3_TU1.0_TD1.0_N90_BS15_B6.pbs,--start 84
10,logs/mbl_100x100_W11.0_C0.0_TU1.0_TD1.0_N90_BS15_B5.log,61,71,10,0,11,5,data/mbl_100x100_W11_C0_TU1_TD1_N90_BS15_B5_greenfuncsq.dat,No,Yes,Yes,jobs/mbl_100x100_W11.0_C0.0_TU1.0_TD1.0_N90_BS15_B5.pbs,--start 71
11,logs/mbl_100x100_W11.0_C0.0_TU1.0_TD1.0_N90_BS15_B6.log,76,86,10,0,11,6,data/mbl_100x100_W11_C0_TU1_TD1_N90_BS15_B6_greenfuncsq.dat,No,Yes,Yes,jobs/mbl_100x100_W11.0_C0.0_TU1.0_TD1.0_N90_BS15_B6.pbs,--start 86
12,logs/mbl_100x100_W11.0_C0.3_TU1.0_TD1.0_N90_BS15_B1.log,1,8,7,0.3,11,1,data/mbl_100x100_W11_C0.3_TU1_TD1_N90_BS15_B1_greenfuncsq.dat,No,Yes,Yes,jobs/mbl_100x100_W11.0_C0.3_TU1.0_TD1.0_N90_BS15_B1.pbs,--start 8
13,logs/mbl_100x100_W11.0_C0.3_TU1.0_TD1.0_N90_BS15_B2.log,16,24,8,0.3,11,2,data/mbl_100x100_W11_C0.3_TU1_TD1_N90_BS15_B2_greenfuncsq.dat,No,Yes,Yes,jobs/mbl_100x100_W11.0_C0.3_TU1.0_TD1.0_N90_BS15_B2.pbs,--start 24
14,logs/mbl_100x100_W11.0_C0.3_TU1.0_TD1.0_N90_BS15_B3.log,31,38,7,0.3,11,3,data/mbl_100x100_W11_C0.3_TU1_TD1_N90_BS15_B3_greenfuncsq.dat,No,Yes,Yes,jobs/mbl_100x100_W11.0_C0.3_TU1.0_TD1.0_N90_BS15_B3.pbs,--start 38
15,logs/mbl_100x100_W11.0_C0.3_TU1.0_TD1.0_N90_BS15_B4.log,46,54,8,0.3,11,4,data/mbl_100x100_W11_C0.3_TU1_TD1_N90_BS15_B4_greenfuncsq.dat,No,Yes,Yes,jobs/mbl_100x100_W11.0_C0.3_TU1.0_TD1.0_N90_BS15_B4.pbs,--start 54
16,logs/mbl_100x100_W11.0_C0.3_TU1.0_TD1.0_N90_BS15_B5.log,61,69,8,0.3,11,5,data/mbl_100x100_W11_C0.3_TU1_TD1_N90_BS15_B5_greenfuncsq.dat,No,Yes,Yes,jobs/mbl_100x100_W11.0_C0.3_TU1.0_TD1.0_N90_BS15_B5.pbs,--start 69
17,logs/mbl_100x100_W11.0_C0.3_TU1.0_TD1.0_N90_BS15_B6.log,76,84,8,0.3,11,6,data/mbl_100x100_W11_C0.3_TU1_TD1_N90_BS15_B6_greenfuncsq.dat,No,Yes,Yes,jobs/mbl_100x100_W11.0_C0.3_TU1.0_TD1.0_N90_BS15_B6.pbs,--start 84
18,logs/mbl_100x100_W11.0_C0.9_TU1.0_TD1.0_N90_BS15_B1.log,1,9,8,0.9,11,1,data/mbl_100x100_W11_C0.9_TU1_TD1_N90_BS15_B1_greenfuncsq.dat,No,Yes,Yes,jobs/mbl_100x100_W11.0_C0.9_TU1.0_TD1.0_N90_BS15_B1.pbs,--start 9
19,logs/mbl_100x100_W12.0_C0.0_TU1.0_TD1.0_N90_BS15_B1.log,1,11,10,0,12,1,data/mbl_100x100_W12_C0_TU1_TD1_N90_BS15_B1_greenfuncsq.dat,No,Yes,Yes,jobs/mbl_100x100_W12.0_C0.0_TU1.0_TD1.0_N90_BS15_B1.pbs,--start 11
20,logs/mbl_100x100_W12.0_C0.0_TU1.0_TD1.0_N90_BS15_B2.log,16,26,10,0,12,2,data/mbl_100x100_W12_C0_TU1_TD1_N90_BS15_B2_greenfuncsq.dat,No,Yes,Yes,jobs/mbl_100x100_W12.0_C0.0_TU1.0_TD1.0_N90_BS15_B2.pbs,--start 26
21,logs/mbl_100x100_W12.0_C0.0_TU1.0_TD1.0_N90_BS15_B3.log,31,41,10,0,12,3,data/mbl_100x100_W12_C0_TU1_TD1_N90_BS15_B3_greenfuncsq.dat,No,Yes,Yes,jobs/mbl_100x100_W12.0_C0.0_TU1.0_TD1.0_N90_BS15_B3.pbs,--start 41
22,logs/mbl_100x100_W12.0_C0.0_TU1.0_TD1.0_N90_BS15_B4.log,46,57,11,0,12,4,data/mbl_100x100_W12_C0_TU1_TD1_N90_BS15_B4_greenfuncsq.dat,No,Yes,Yes,jobs/mbl_100x100_W12.0_C0.0_TU1.0_TD1.0_N90_BS15_B4.pbs,--start 57
23,logs/mbl_100x100_W12.0_C0.0_TU1.0_TD1.0_N90_BS15_B5.log,61,71,10,0,12,5,data/mbl_100x100_W12_C0_TU1_TD1_N90_BS15_B5_greenfuncsq.dat,No,Yes,Yes,jobs/mbl_100x100_W12.0_C0.0_TU1.0_TD1.0_N90_BS15_B5.pbs,--start 71
24,logs/mbl_100x100_W12.0_C0.0_TU1.0_TD1.0_N90_BS15_B6.log,76,86,10,0,12,6,data/mbl_100x100_W12_C0_TU1_TD1_N90_BS15_B6_greenfuncsq.dat,No,Yes,Yes,jobs/mbl_100x100_W12.0_C0.0_TU1.0_TD1.0_N90_BS15_B6.pbs,--start 86
25,logs/mbl_100x100_W12.0_C0.3_TU1.0_TD1.0_N90_BS15_B1.log,1,8,7,0.3,12,1,data/mbl_100x100_W12_C0.3_TU1_TD1_N90_BS15_B1_greenfuncsq.dat,No,Yes,Yes,jobs/mbl_100x100_W12.0_C0.3_TU1.0_TD1.0_N90_BS15_B1.pbs,--start 8
26,logs/mbl_100x100_W12.0_C0.3_TU1.0_TD1.0_N90_BS15_B2.log,16,23,7,0.3,12,2,data/mbl_100x100_W12_C0.3_TU1_TD1_N90_BS15_B2_greenfuncsq.dat,No,Yes,Yes,jobs/mbl_100x100_W12.0_C0.3_TU1.0_TD1.0_N90_BS15_B2.pbs,--start 23
27,logs/mbl_100x100_W12.0_C0.3_TU1.0_TD1.0_N90_BS15_B3.log,31,39,8,0.3,12,3,data/mbl_100x100_W12_C0.3_TU1_TD1_N90_BS15_B3_greenfuncsq.dat,No,Yes,Yes,jobs/mbl_100x100_W12.0_C0.3_TU1.0_TD1.0_N90_BS15_B3.pbs,--start 39
28,logs/mbl_100x100_W12.0_C0.3_TU1.0_TD1.0_N90_BS15_B4.log,46,53,7,0.3,12,4,data/mbl_100x100_W12_C0.3_TU1_TD1_N90_BS15_B4_greenfuncsq.dat,No,Yes,Yes,jobs/mbl_100x100_W12.0_C0.3_TU1.0_TD1.0_N90_BS15_B4.pbs,--start 53
29,logs/mbl_100x100_W13.0_C0.0_TU1.0_TD1.0_N90_BS15_B1.log,1,11,10,0,13,1,data/mbl_100x100_W13_C0_TU1_TD1_N90_BS15_B1_greenfuncsq.dat,No,Yes,Yes,jobs/mbl_100x100_W13.0_C0.0_TU1.0_TD1.0_N90_BS15_B1.pbs,--start 11
30,logs/mbl_100x100_W13.0_C0.0_TU1.0_TD1.0_N90_BS15_B2.log,16,25,9,0,13,2,data/mbl_100x100_W13_C0_TU1_TD1_N90_BS15_B2_greenfuncsq.dat,No,Yes,Yes,jobs/mbl_100x100_W13.0_C0.0_TU1.0_TD1.0_N90_BS15_B2.pbs,--start 25
31,logs/mbl_100x100_W13.0_C0.0_TU1.0_TD1.0_N90_BS15_B3.log,31,40,9,0,13,3,data/mbl_100x100_W13_C0_TU1_TD1_N90_BS15_B3_greenfuncsq.dat,No,Yes,Yes,jobs/mbl_100x100_W13.0_C0.0_TU1.0_TD1.0_N90_BS15_B3.pbs,--start 40
32,logs/mbl_100x100_W13.0_C0.0_TU1.0_TD1.0_N90_BS15_B4.log,46,55,9,0,13,4,data/mbl_100x100_W13_C0_TU1_TD1_N90_BS15_B4_greenfuncsq.dat,No,Yes,Yes,jobs/mbl_100x100_W13.0_C0.0_TU1.0_TD1.0_N90_BS15_B4.pbs,--start 55
33,logs/mbl_100x100_W13.0_C0.0_TU1.0_TD1.0_N90_BS15_B5.log,61,71,10,0,13,5,data/mbl_100x100_W13_C0_TU1_TD1_N90_BS15_B5_greenfuncsq.dat,No,Yes,Yes,jobs/mbl_100x100_W13.0_C0.0_TU1.0_TD1.0_N90_BS15_B5.pbs,--start 71
34,logs/mbl_100x100_W13.0_C0.0_TU1.0_TD1.0_N90_BS15_B6.log,76,87,11,0,13,6,data/mbl_100x100_W13_C0_TU1_TD1_N90_BS15_B6_greenfuncsq.dat,No,Yes,Yes,jobs/mbl_100x100_W13.0_C0.0_TU1.0_TD1.0_N90_BS15_B6.pbs,--start 87
35,logs/mbl_100x100_W13.0_C0.1_TU1.0_TD1.0_N90_BS15_B3.log,31,45,14,0.1,13,3,data/mbl_100x100_W13_C0.1_TU1_TD1_N90_BS15_B3_greenfuncsq.dat,No,Yes,Yes,jobs/mbl_100x100_W13.0_C0.1_TU1.0_TD1.0_N90_BS15_B3.pbs,--start 45
36,logs/mbl_100x100_W13.0_C0.1_TU1.0_TD1.0_N90_BS15_B6.log,76,83,7,0.1,13,6,data/mbl_100x100_W13_C0.1_TU1_TD1_N90_BS15_B6_greenfuncsq.dat,No,Yes,Yes,jobs/mbl_100x100_W13.0_C0.1_TU1.0_TD1.0_N90_BS15_B6.pbs,--start 83
37,logs/mbl_100x100_W13.0_C0.5_TU1.0_TD1.0_N90_BS15_B6.log,76,84,8,0.5,13,6,data/mbl_100x100_W13_C0.5_TU1_TD1_N90_BS15_B6_greenfuncsq.dat,No,Yes,Yes,jobs/mbl_100x100_W13.0_C0.5_TU1.0_TD1.0_N90_BS15_B6.pbs,--start 84
38,logs/mbl_100x100_W13.0_C0.6_TU1.0_TD1.0_N90_BS15_B1.log,1,8,7,0.6,13,1,data/mbl_100x100_W13_C0.6_TU1_TD1_N90_BS15_B1_greenfuncsq.dat,No,Yes,Yes,jobs/mbl_100x100_W13.0_C0.6_TU1.0_TD1.0_N90_BS15_B1.pbs,--start 8
39,logs/mbl_100x100_W13.0_C0.6_TU1.0_TD1.0_N90_BS15_B2.log,16,23,7,0.6,13,2,data/mbl_100x100_W13_C0.6_TU1_TD1_N90_BS15_B2_greenfuncsq.dat,No,Yes,Yes,jobs/mbl_100x100_W13.0_C0.6_TU1.0_TD1.0_N90_BS15_B2.pbs,--start 23
40,logs/mbl_100x100_W13.0_C0.6_TU1.0_TD1.0_N90_BS15_B3.log,31,38,7,0.6,13,3,data/mbl_100x100_W13_C0.6_TU1_TD1_N90_BS15_B3_greenfuncsq.dat,No,Yes,Yes,jobs/mbl_100x100_W13.0_C0.6_TU1.0_TD1.0_N90_BS15_B3.pbs,--start 38
41,logs/mbl_100x100_W13.0_C0.6_TU1.0_TD1.0_N90_BS15_B4.log,46,54,8,0.6,13,4,data/mbl_100x100_W13_C0.6_TU1_TD1_N90_BS15_B4_greenfuncsq.dat,No,Yes,Yes,jobs/mbl_100x100_W13.0_C0.6_TU1.0_TD1.0_N90_BS15_B4.pbs,--start 54
42,logs/mbl_100x100_W13.0_C0.6_TU1.0_TD1.0_N90_BS15_B5.log,61,68,7,0.6,13,5,data/mbl_100x100_W13_C0.6_TU1_TD1_N90_BS15_B5_greenfuncsq.dat,No,Yes,Yes,jobs/mbl_100x100_W13.0_C0.6_TU1.0_TD1.0_N90_BS15_B5.pbs,--start 68
43,logs/mbl_100x100_W13.0_C0.6_TU1.0_TD1.0_N90_BS15_B6.log,76,84,8,0.6,13,6,data/mbl_100x100_W13_C0.6_TU1_TD1_N90_BS15_B6_greenfuncsq.dat,No,Yes,Yes,jobs/mbl_100x100_W13.0_C0.6_TU1.0_TD1.0_N90_BS15_B6.pbs,--start 84
44,logs/mbl_100x100_W13.0_C0.9_TU1.0_TD1.0_N90_BS15_B1.log,1,4,3,0.9,13,1,data/mbl_100x100_W13_C0.9_TU1_TD1_N90_BS15_B1_greenfuncsq.dat,No,Yes,Yes,jobs/mbl_100x100_W13.0_C0.9_TU1.0_TD1.0_N90_BS15_B1.pbs,--start 4
45,logs/mbl_100x100_W13.0_C0.9_TU1.0_TD1.0_N90_BS15_B2.log,16,19,3,0.9,13,2,data/mbl_100x100_W13_C0.9_TU1_TD1_N90_BS15_B2_greenfuncsq.dat,No,Yes,Yes,jobs/mbl_100x100_W13.0_C0.9_TU1.0_TD1.0_N90_BS15_B2.pbs,--start 19
46,logs/mbl_100x100_W14.0_C0.0_TU1.0_TD1.0_N90_BS15_B1.log,1,11,10,0,14,1,data/mbl_100x100_W14_C0_TU1_TD1_N90_BS15_B1_greenfuncsq.dat,No,Yes,Yes,jobs/mbl_100x100_W14.0_C0.0_TU1.0_TD1.0_N90_BS15_B1.pbs,--start 11
47,logs/mbl_100x100_W14.0_C0.0_TU1.0_TD1.0_N90_BS15_B2.log,,,0,0,14,2,data/mbl_100x100_W14_C0_TU1_TD1_N90_BS15_B2_greenfuncsq.dat,No,No,No,jobs/mbl_100x100_W14.0_C0.0_TU1.0_TD1.0_N90_BS15_B2.pbs,--start 
48,logs/mbl_100x100_W14.0_C0.0_TU1.0_TD1.0_N90_BS15_B3.log,31,41,10,0,14,3,data/mbl_100x100_W14_C0_TU1_TD1_N90_BS15_B3_greenfuncsq.dat,No,Yes,No,jobs/mbl_100x100_W14.0_C0.0_TU1.0_TD1.0_N90_BS15_B4.pbs,--start 41
49,logs/mbl_100x100_W14.0_C0.0_TU1.0_TD1.0_N90_BS15_B4.log,46,56,10,0,14,4,data/mbl_100x100_W14_C0_TU1_TD1_N90_BS15_B4_greenfuncsq.dat,No,Yes,No,jobs/mbl_100x100_W14.0_C0.0_TU1.0_TD1.0_N90_BS15_B5.pbs,--start 56
50,logs/mbl_100x100_W14.0_C0.0_TU1.0_TD1.0_N90_BS15_B5.log,61,71,10,0,14,5,data/mbl_100x100_W14_C0_TU1_TD1_N90_BS15_B5_greenfuncsq.dat,No,Yes,No,jobs/mbl_100x100_W14.0_C0.1_TU1.0_TD1.0_N90_BS15_B1.pbs,--start 71
51,logs/mbl_100x100_W14.0_C0.1_TU1.0_TD1.0_N90_BS15_B1.log,1,8,7,0.1,14,1,data/mbl_100x100_W14_C0.1_TU1_TD1_N90_BS15_B1_greenfuncsq.dat,No,Yes,No,jobs/mbl_100x100_W14.0_C0.1_TU1.0_TD1.0_N90_BS15_B2.pbs,--start 8
52,logs/mbl_100x100_W14.0_C0.1_TU1.0_TD1.0_N90_BS15_B2.log,16,23,7,0.1,14,2,data/mbl_100x100_W14_C0.1_TU1_TD1_N90_BS15_B2_greenfuncsq.dat,No,Yes,No,jobs/mbl_100x100_W14.0_C0.1_TU1.0_TD1.0_N90_BS15_B3.pbs,--start 23
53,logs/mbl_100x100_W14.0_C0.1_TU1.0_TD1.0_N90_BS15_B3.log,31,38,7,0.1,14,3,data/mbl_100x100_W14_C0.1_TU1_TD1_N90_BS15_B3_greenfuncsq.dat,No,Yes,No,jobs/mbl_100x100_W14.0_C0.1_TU1.0_TD1.0_N90_BS15_B5.pbs,--start 38
54,logs/mbl_100x100_W14.0_C0.1_TU1.0_TD1.0_N90_BS15_B5.log,61,75,14,0.1,14,5,data/mbl_100x100_W14_C0.1_TU1_TD1_N90_BS15_B5_greenfuncsq.dat,No,Yes,No,jobs/mbl_100x100_W14.0_C0.5_TU1.0_TD1.0_N90_BS15_B1.pbs,--start 75
55,logs/mbl_100x100_W14.0_C0.5_TU1.0_TD1.0_N90_BS15_B1.log,1,9,8,0.5,14,1,data/mbl_100x100_W14_C0.5_TU1_TD1_N90_BS15_B1_greenfuncsq.dat,No,Yes,No,jobs/mbl_100x100_W14.0_C0.5_TU1.0_TD1.0_N90_BS15_B2.pbs,--start 9
56,logs/mbl_100x100_W14.0_C0.5_TU1.0_TD1.0_N90_BS15_B2.log,16,23,7,0.5,14,2,data/mbl_100x100_W14_C0.5_TU1_TD1_N90_BS15_B2_greenfuncsq.dat,No,Yes,No,jobs/mbl_100x100_W14.0_C0.5_TU1.0_TD1.0_N90_BS15_B3.pbs,--start 23
57,logs/mbl_100x100_W14.0_C0.5_TU1.0_TD1.0_N90_BS15_B3.log,31,38,7,0.5,14,3,data/mbl_100x100_W14_C0.5_TU1_TD1_N90_BS15_B3_greenfuncsq.dat,No,Yes,No,jobs/mbl_100x100_W14.0_C0.5_TU1.0_TD1.0_N90_BS15_B4.pbs,--start 38
58,logs/mbl_100x100_W14.0_C0.5_TU1.0_TD1.0_N90_BS15_B4.log,46,53,7,0.5,14,4,data/mbl_100x100_W14_C0.5_TU1_TD1_N90_BS15_B4_greenfuncsq.dat,No,Yes,No,jobs/mbl_100x100_W14.0_C0.5_TU1.0_TD1.0_N90_BS15_B5.pbs,--start 53
59,logs/mbl_100x100_W14.0_C0.5_TU1.0_TD1.0_N90_BS15_B5.log,61,67,6,0.5,14,5,data/mbl_100x100_W14_C0.5_TU1_TD1_N90_BS15_B5_greenfuncsq.dat,No,Yes,No,jobs/mbl_100x100_W14.0_C0.6_TU1.0_TD1.0_N90_BS15_B1.pbs,--start 67
60,logs/mbl_100x100_W14.0_C0.6_TU1.0_TD1.0_N90_BS15_B1.log,1,9,8,0.6,14,1,data/mbl_100x100_W14_C0.6_TU1_TD1_N90_BS15_B1_greenfuncsq.dat,No,Yes,No,jobs/mbl_100x100_W14.0_C0.6_TU1.0_TD1.0_N90_BS15_B2.pbs,--start 9
61,logs/mbl_100x100_W14.0_C0.6_TU1.0_TD1.0_N90_BS15_B2.log,16,24,8,0.6,14,2,data/mbl_100x100_W14_C0.6_TU1_TD1_N90_BS15_B2_greenfuncsq.dat,No,Yes,No,jobs/mbl_100x100_W14.0_C0.6_TU1.0_TD1.0_N90_BS15_B3.pbs,--start 24
62,logs/mbl_100x100_W14.0_C0.6_TU1.0_TD1.0_N90_BS15_B3.log,31,38,7,0.6,14,3,data/mbl_100x100_W14_C0.6_TU1_TD1_N90_BS15_B3_greenfuncsq.dat,No,Yes,No,jobs/mbl_100x100_W14.0_C0.6_TU1.0_TD1.0_N90_BS15_B4.pbs,--start 38
63,logs/mbl_100x100_W14.0_C0.6_TU1.0_TD1.0_N90_BS15_B4.log,46,53,7,0.6,14,4,data/mbl_100x100_W14_C0.6_TU1_TD1_N90_BS15_B4_greenfuncsq.dat,No,Yes,No,jobs/mbl_100x100_W14.0_C0.6_TU1.0_TD1.0_N90_BS15_B5.pbs,--start 53
64,logs/mbl_100x100_W14.0_C0.6_TU1.0_TD1.0_N90_BS15_B5.log,61,69,8,0.6,14,5,data/mbl_100x100_W14_C0.6_TU1_TD1_N90_BS15_B5_greenfuncsq.dat,No,Yes,No,jobs/mbl_100x100_W14.0_C0.6_TU1.0_TD1.0_N90_BS15_B6.pbs,--start 69
65,logs/mbl_100x100_W14.0_C0.6_TU1.0_TD1.0_N90_BS15_B6.log,76,83,7,0.6,14,6,data/mbl_100x100_W14_C0.6_TU1_TD1_N90_BS15_B6_greenfuncsq.dat,No,Yes,No,jobs/mbl_100x100_W15.0_C0.1_TU1.0_TD1.0_N90_BS15_B4.pbs,--start 83
66,logs/mbl_100x100_W15.0_C0.1_TU1.0_TD1.0_N90_BS15_B4.log,46,60,14,0.1,15,4,data/mbl_100x100_W15_C0.1_TU1_TD1_N90_BS15_B4_greenfuncsq.dat,No,Yes,No,jobs/mbl_100x100_W15.0_C0.1_TU1.0_TD1.0_N90_BS15_B5.pbs,--start 60
67,logs/mbl_100x100_W15.0_C0.1_TU1.0_TD1.0_N90_BS15_B5.log,61,75,14,0.1,15,5,data/mbl_100x100_W15_C0.1_TU1_TD1_N90_BS15_B5_greenfuncsq.dat,No,Yes,No,jobs/mbl_100x100_W15.0_C0.5_TU1.0_TD1.0_N90_BS15_B5.pbs,--start 75
68,logs/mbl_100x100_W15.0_C0.5_TU1.0_TD1.0_N90_BS15_B5.log,61,68,7,0.5,15,5,data/mbl_100x100_W15_C0.5_TU1_TD1_N90_BS15_B5_greenfuncsq.dat,No,Yes,No,jobs/mbl_100x100_W15.0_C0.5_TU1.0_TD1.0_N90_BS15_B6.pbs,--start 68
69,logs/mbl_100x100_W15.0_C0.5_TU1.0_TD1.0_N90_BS15_B6.log,76,83,7,0.5,15,6,data/mbl_100x100_W15_C0.5_TU1_TD1_N90_BS15_B6_greenfuncsq.dat,No,Yes,No,jobs/mbl_100x100_W15.0_C0.6_TU1.0_TD1.0_N90_BS15_B1.pbs,--start 83
70,logs/mbl_100x100_W15.0_C0.6_TU1.0_TD1.0_N90_BS15_B1.log,1,8,7,0.6,15,1,data/mbl_100x100_W15_C0.6_TU1_TD1_N90_BS15_B1_greenfuncsq.dat,No,Yes,No,jobs/mbl_100x100_W15.0_C0.6_TU1.0_TD1.0_N90_BS15_B2.pbs,--start 8
71,logs/mbl_100x100_W15.0_C0.6_TU1.0_TD1.0_N90_BS15_B2.log,16,23,7,0.6,15,2,data/mbl_100x100_W15_C0.6_TU1_TD1_N90_BS15_B2_greenfuncsq.dat,No,No,No,jobs/mbl_100x100_W15.0_C0.6_TU1.0_TD1.0_N90_BS15_B3.pbs,--start 23
72,logs/mbl_100x100_W15.0_C0.6_TU1.0_TD1.0_N90_BS15_B3.log,31,39,8,0.6,15,3,data/mbl_100x100_W15_C0.6_TU1_TD1_N90_BS15_B3_greenfuncsq.dat,No,Yes,No,jobs/mbl_100x100_W15.0_C0.6_TU1.0_TD1.0_N90_BS15_B4.pbs,--start 39
73,logs/mbl_100x100_W15.0_C0.6_TU1.0_TD1.0_N90_BS15_B4.log,46,53,7,0.6,15,4,data/mbl_100x100_W15_C0.6_TU1_TD1_N90_BS15_B4_greenfuncsq.dat,No,Yes,No,jobs/mbl_100x100_W15.0_C0.6_TU1.0_TD1.0_N90_BS15_B5.pbs,--start 53
74,logs/mbl_100x100_W15.0_C0.6_TU1.0_TD1.0_N90_BS15_B5.log,61,69,8,0.6,15,5,data/mbl_100x100_W15_C0.6_TU1_TD1_N90_BS15_B5_greenfuncsq.dat,No,Yes,No,jobs/mbl_100x100_W16.0_C0.1_TU1.0_TD1.0_N90_BS15_B3.pbs,--start 69
75,logs/mbl_100x100_W16.0_C0.1_TU1.0_TD1.0_N90_BS15_B3.log,31,45,14,0.1,16,3,data/mbl_100x100_W16_C0.1_TU1_TD1_N90_BS15_B3_greenfuncsq.dat,No,Yes,No,jobs/mbl_100x100_W16.0_C0.5_TU1.0_TD1.0_N90_BS15_B2.pbs,--start 45
76,logs/mbl_100x100_W16.0_C0.5_TU1.0_TD1.0_N90_BS15_B2.log,16,23,7,0.5,16,2,data/mbl_100x100_W16_C0.5_TU1_TD1_N90_BS15_B2_greenfuncsq.dat,No,No,No,jobs/mbl_100x100_W16.0_C0.5_TU1.0_TD1.0_N90_BS15_B3.pbs,--start 23
77,logs/mbl_100x100_W16.0_C0.5_TU1.0_TD1.0_N90_BS15_B3.log,31,38,7,0.5,16,3,data/mbl_100x100_W16_C0.5_TU1_TD1_N90_BS15_B3_greenfuncsq.dat,No,Yes,No,jobs/mbl_100x100_W16.0_C0.5_TU1.0_TD1.0_N90_BS15_B4.pbs,--start 38
78,logs/mbl_100x100_W16.0_C0.5_TU1.0_TD1.0_N90_BS15_B4.log,46,53,7,0.5,16,4,data/mbl_100x100_W16_C0.5_TU1_TD1_N90_BS15_B4_greenfuncsq.dat,No,Yes,No,jobs/mbl_100x100_W16.0_C0.5_TU1.0_TD1.0_N90_BS15_B5.pbs,--start 53
79,logs/mbl_100x100_W16.0_C0.5_TU1.0_TD1.0_N90_BS15_B5.log,61,68,7,0.5,16,5,data/mbl_100x100_W16_C0.5_TU1_TD1_N90_BS15_B5_greenfuncsq.dat,No,Yes,No,jobs/mbl_100x100_W16.0_C0.5_TU1.0_TD1.0_N90_BS15_B6.pbs,--start 68
80,logs/mbl_100x100_W16.0_C0.5_TU1.0_TD1.0_N90_BS15_B6.log,76,83,7,0.5,16,6,data/mbl_100x100_W16_C0.5_TU1_TD1_N90_BS15_B6_greenfuncsq.dat,No,Yes,No,jobs/mbl_100x100_W16.0_C0.6_TU1.0_TD1.0_N90_BS15_B2.pbs,--start 83
81,logs/mbl_100x100_W16.0_C0.6_TU1.0_TD1.0_N90_BS15_B2.log,16,23,7,0.6,16,2,data/mbl_100x100_W16_C0.6_TU1_TD1_N90_BS15_B2_greenfuncsq.dat,No,Yes,No,jobs/mbl_100x100_W16.0_C1.0_TU1.0_TD1.0_N90_BS15_B6.pbs,--start 23
82,logs/mbl_100x100_W16.0_C1.0_TU1.0_TD1.0_N90_BS15_B6.log,76,89,13,1,16,6,data/mbl_100x100_W16_C1_TU1_TD1_N90_BS15_B6_greenfuncsq.dat,No,Yes,No,jobs/mbl_100x100_W17.0_C0.5_TU1.0_TD1.0_N90_BS15_B1.pbs,--start 89
83,logs/mbl_100x100_W17.0_C0.5_TU1.0_TD1.0_N90_BS15_B1.log,1,8,7,0.5,17,1,data/mbl_100x100_W17_C0.5_TU1_TD1_N90_BS15_B1_greenfuncsq.dat,No,Yes,No,jobs/mbl_100x100_W17.0_C0.5_TU1.0_TD1.0_N90_BS15_B2.pbs,--start 8
84,logs/mbl_100x100_W17.0_C0.5_TU1.0_TD1.0_N90_BS15_B2.log,16,23,7,0.5,17,2,data/mbl_100x100_W17_C0.5_TU1_TD1_N90_BS15_B2_greenfuncsq.dat,No,Yes,No,jobs/mbl_100x100_W17.0_C0.5_TU1.0_TD1.0_N90_BS15_B3.pbs,--start 23
85,logs/mbl_100x100_W17.0_C0.5_TU1.0_TD1.0_N90_BS15_B3.log,31,38,7,0.5,17,3,data/mbl_100x100_W17_C0.5_TU1_TD1_N90_BS15_B3_greenfuncsq.dat,No,Yes,No,jobs/mbl_100x100_W17.0_C0.5_TU1.0_TD1.0_N90_BS15_B4.pbs,--start 38
86,logs/mbl_100x100_W17.0_C0.5_TU1.0_TD1.0_N90_BS15_B4.log,46,53,7,0.5,17,4,data/mbl_100x100_W17_C0.5_TU1_TD1_N90_BS15_B4_greenfuncsq.dat,No,Yes,No,jobs/mbl_100x100_W17.0_C0.5_TU1.0_TD1.0_N90_BS15_B5.pbs,--start 53
87,logs/mbl_100x100_W17.0_C0.5_TU1.0_TD1.0_N90_BS15_B5.log,61,68,7,0.5,17,5,data/mbl_100x100_W17_C0.5_TU1_TD1_N90_BS15_B5_greenfuncsq.dat,No,Yes,No,jobs/mbl_100x100_W17.0_C1.0_TU1.0_TD1.0_N90_BS15_B1.pbs,--start 68
88,logs/mbl_100x100_W17.0_C1.0_TU1.0_TD1.0_N90_BS15_B1.log,1,14,13,1,17,1,data/mbl_100x100_W17_C1_TU1_TD1_N90_BS15_B1_greenfuncsq.dat,No,Yes,No,jobs/mbl_100x100_W17.0_C1.0_TU1.0_TD1.0_N90_BS15_B3.pbs,--start 14
89,logs/mbl_100x100_W17.0_C1.0_TU1.0_TD1.0_N90_BS15_B3.log,31,45,14,1,17,3,data/mbl_100x100_W17_C1_TU1_TD1_N90_BS15_B3_greenfuncsq.dat,No,Yes,No,jobs/mbl_100x100_W18.0_C0.0_TU1.0_TD1.0_N90_BS15_B2.pbs,--start 45
90,logs/mbl_100x100_W18.0_C0.0_TU1.0_TD1.0_N90_BS15_B2.log,16,25,9,0,18,2,data/mbl_100x100_W18_C0_TU1_TD1_N90_BS15_B2_greenfuncsq.dat,No,Yes,No,jobs/mbl_100x100_W18.0_C0.0_TU1.0_TD1.0_N90_BS15_B3.pbs,--start 25
91,logs/mbl_100x100_W18.0_C0.0_TU1.0_TD1.0_N90_BS15_B3.log,31,40,9,0,18,3,data/mbl_100x100_W18_C0_TU1_TD1_N90_BS15_B3_greenfuncsq.dat,No,Yes,No,jobs/mbl_100x100_W18.0_C0.1_TU1.0_TD1.0_N90_BS15_B3.pbs,--start 40
92,logs/mbl_100x100_W18.0_C0.1_TU1.0_TD1.0_N90_BS15_B3.log,31,37,6,0.1,18,3,data/mbl_100x100_W18_C0.1_TU1_TD1_N90_BS15_B3_greenfuncsq.dat,No,Yes,No,jobs/mbl_100x100_W18.0_C0.1_TU1.0_TD1.0_N90_BS15_B4.pbs,--start 37
93,logs/mbl_100x100_W18.0_C0.1_TU1.0_TD1.0_N90_BS15_B4.log,46,52,6,0.1,18,4,data/mbl_100x100_W18_C0.1_TU1_TD1_N90_BS15_B4_greenfuncsq.dat,No,Yes,No,jobs/mbl_100x100_W18.0_C0.2_TU1.0_TD1.0_N90_BS15_B4.pbs,--start 52
94,logs/mbl_100x100_W18.0_C0.2_TU1.0_TD1.0_N90_BS15_B4.log,46,53,7,0.2,18,4,data/mbl_100x100_W18_C0.2_TU1_TD1_N90_BS15_B4_greenfuncsq.dat,No,Yes,No,jobs/mbl_100x100_W18.0_C0.2_TU1.0_TD1.0_N90_BS15_B5.pbs,--start 53
95,logs/mbl_100x100_W18.0_C0.2_TU1.0_TD1.0_N90_BS15_B5.log,61,68,7,0.2,18,5,data/mbl_100x100_W18_C0.2_TU1_TD1_N90_BS15_B5_greenfuncsq.dat,No,Yes,No,jobs/mbl_100x100_W18.0_C0.2_TU1.0_TD1.0_N90_BS15_B6.pbs,--start 68
96,logs/mbl_100x100_W18.0_C0.2_TU1.0_TD1.0_N90_BS15_B6.log,76,83,7,0.2,18,6,data/mbl_100x100_W18_C0.2_TU1_TD1_N90_BS15_B6_greenfuncsq.dat,No,Yes,No,jobs/mbl_100x100_W18.0_C1.6_TU1.0_TD1.0_N90_BS15_B6.pbs,--start 83
97,logs/mbl_100x100_W18.0_C1.6_TU1.0_TD1.0_N90_BS15_B6.log,76,90,14,1.6,18,6,data/mbl_100x100_W18_C1.6_TU1_TD1_N90_BS15_B6_greenfuncsq.dat,No,Yes,No,jobs/mbl_100x100_W8.0_C0.0_TU1.0_TD1.0_N90_BS15_B6.pbs,--start 90
98,logs/mbl_100x100_W8.0_C0.0_TU1.0_TD1.0_N90_BS15_B6.log,76,79,3,0,8,6,data/mbl_100x100_W8_C0_TU1_TD1_N90_BS15_B6_greenfuncsq.dat,No,Yes,No,jobs/mbl_100x100_W8.0_C0.3_TU1.0_TD1.0_N90_BS15_B1.pbs,--start 79
99,logs/mbl_100x100_W8.0_C0.3_TU1.0_TD1.0_N90_BS15_B1.log,1,9,8,0.3,8,1,data/mbl_100x100_W8_C0.3_TU1_TD1_N90_BS15_B1_greenfuncsq.dat,No,Yes,No,jobs/mbl_100x100_W8.0_C0.3_TU1.0_TD1.0_N90_BS15_B2.pbs,--start 9
100,logs/mbl_100x100_W8.0_C0.3_TU1.0_TD1.0_N90_BS15_B2.log,16,24,8,0.3,8,2,data/mbl_100x100_W8_C0.3_TU1_TD1_N90_BS15_B2_greenfuncsq.dat,No,Yes,No,jobs/mbl_100x100_W8.0_C0.3_TU1.0_TD1.0_N90_BS15_B3.pbs,--start 24
101,logs/mbl_100x100_W8.0_C0.3_TU1.0_TD1.0_N90_BS15_B3.log,31,39,8,0.3,8,3,data/mbl_100x100_W8_C0.3_TU1_TD1_N90_BS15_B3_greenfuncsq.dat,No,Yes,No,jobs/mbl_100x100_W8.0_C0.3_TU1.0_TD1.0_N90_BS15_B4.pbs,--start 39
102,logs/mbl_100x100_W8.0_C0.3_TU1.0_TD1.0_N90_BS15_B4.log,46,54,8,0.3,8,4,data/mbl_100x100_W8_C0.3_TU1_TD1_N90_BS15_B4_greenfuncsq.dat,No,Yes,No,jobs/mbl_100x100_W8.0_C0.3_TU1.0_TD1.0_N90_BS15_B5.pbs,--start 54
103,logs/mbl_100x100_W8.0_C0.3_TU1.0_TD1.0_N90_BS15_B5.log,61,70,9,0.3,8,5,data/mbl_100x100_W8_C0.3_TU1_TD1_N90_BS15_B5_greenfuncsq.dat,No,Yes,No,jobs/mbl_100x100_W8.0_C0.3_TU1.0_TD1.0_N90_BS15_B6.pbs,--start 70
104,logs/mbl_100x100_W8.0_C0.3_TU1.0_TD1.0_N90_BS15_B6.log,76,85,9,0.3,8,6,data/mbl_100x100_W8_C0.3_TU1_TD1_N90_BS15_B6_greenfuncsq.dat,No,Yes,No,jobs/mbl_100x100_W8.0_C0.9_TU1.0_TD1.0_N90_BS15_B4.pbs,--start 85
105,logs/mbl_100x100_W8.0_C0.9_TU1.0_TD1.0_N90_BS15_B4.log,46,60,14,0.9,8,4,data/mbl_100x100_W8_C0.9_TU1_TD1_N90_BS15_B4_greenfuncsq.dat,No,Yes,No,jobs/mbl_100x100_W9.0_C0.0_TU1.0_TD1.0_N90_BS15_B1.pbs,--start 60
106,logs/mbl_100x100_W9.0_C0.0_TU1.0_TD1.0_N90_BS15_B1.log,1,11,10,0,9,1,data/mbl_100x100_W9_C0_TU1_TD1_N90_BS15_B1_greenfuncsq.dat,No,Yes,No,jobs/mbl_100x100_W9.0_C0.0_TU1.0_TD1.0_N90_BS15_B2.pbs,--start 11
107,logs/mbl_100x100_W9.0_C0.0_TU1.0_TD1.0_N90_BS15_B2.log,16,26,10,0,9,2,data/mbl_100x100_W9_C0_TU1_TD1_N90_BS15_B2_greenfuncsq.dat,No,Yes,No,jobs/mbl_100x100_W9.0_C0.0_TU1.0_TD1.0_N90_BS15_B3.pbs,--start 26
108,logs/mbl_100x100_W9.0_C0.0_TU1.0_TD1.0_N90_BS15_B3.log,31,41,10,0,9,3,data/mbl_100x100_W9_C0_TU1_TD1_N90_BS15_B3_greenfuncsq.dat,No,Yes,No,jobs/mbl_100x100_W9.0_C0.0_TU1.0_TD1.0_N90_BS15_B4.pbs,--start 41
109,logs/mbl_100x100_W9.0_C0.0_TU1.0_TD1.0_N90_BS15_B4.log,46,56,10,0,9,4,data/mbl_100x100_W9_C0_TU1_TD1_N90_BS15_B4_greenfuncsq.dat,No,Yes,No,jobs/mbl_100x100_W9.0_C0.0_TU1.0_TD1.0_N90_BS15_B5.pbs,--start 56
110,logs/mbl_100x100_W9.0_C0.0_TU1.0_TD1.0_N90_BS15_B5.log,61,71,10,0,9,5,data/mbl_100x100_W9_C0_TU1_TD1_N90_BS15_B5_greenfuncsq.dat,No,Yes,No,jobs/mbl_100x100_W9.0_C0.0_TU1.0_TD1.0_N90_BS15_B6.pbs,--start 71
111,logs/mbl_100x100_W9.0_C0.0_TU1.0_TD1.0_N90_BS15_B6.log,76,86,10,0,9,6,data/mbl_100x100_W9_C0_TU1_TD1_N90_BS15_B6_greenfuncsq.dat,No,Yes,No,jobs/mbl_100x100_W9.0_C0.3_TU1.0_TD1.0_N90_BS15_B1.pbs,--start 86
112,logs/mbl_100x100_W9.0_C0.3_TU1.0_TD1.0_N90_BS15_B1.log,1,9,8,0.3,9,1,data/mbl_100x100_W9_C0.3_TU1_TD1_N90_BS15_B1_greenfuncsq.dat,No,Yes,No,jobs/mbl_100x100_W9.0_C0.3_TU1.0_TD1.0_N90_BS15_B5.pbs,--start 9
113,logs/mbl_100x100_W9.0_C0.3_TU1.0_TD1.0_N90_BS15_B5.log,61,68,7,0.3,9,5,data/mbl_100x100_W9_C0.3_TU1_TD1_N90_BS15_B5_greenfuncsq.dat,No,Yes,No,jobs/mbl_100x100_W9.0_C0.3_TU1.0_TD1.0_N90_BS15_B6.pbs,--start 68
114,logs/mbl_100x100_W9.0_C0.3_TU1.0_TD1.0_N90_BS15_B6.log,76,83,7,0.3,9,6,data/mbl_100x100_W9_C0.3_TU1_TD1_N90_BS15_B6_greenfuncsq.dat,No,Yes,No,jobs/mbl_100x100_W9.0_C0.9_TU1.0_TD1.0_N90_BS15_B3.pbs,--start 83
115,logs/mbl_100x100_W9.0_C0.9_TU1.0_TD1.0_N90_BS15_B3.log,31,42,11,0.9,9,3,data/mbl_100x100_W9_C0.9_TU1_TD1_N90_BS15_B3_greenfuncsq.dat,No,Yes,No,jobs/mbl_100x100_W9.0_C0.9_TU1.0_TD1.0_N90_BS15_B3.pbs,--start 42
